{"mips": 33.63102102366882, "cputime": 22.1903, "simtime": 20.7443, "cpucycles": 710091000.0, "best_mips": 33.63102102366882, "best_hash": "98e7c74509c5f89cc727942ec8916b6264889b66", "regressed_hash": null}