{"mips": 25.66513647528265, "cputime": 22.1903, "simtime": 20.7443, "cpucycles": 710091000.0, "best_mips": 33.63102102366882, "best_hash": "98e7c74509c5f89cc727942ec8916b6264889b66", "regressed_hash": "75a742d5c504bfa31de726bbb3fb855a0eef006a"}