{"mips": 73.93561411224852, "cputime": 22.1903, "simtime": 20.7443, "cpucycles": 710091000.0, "best_mips": 98.52325774921623, "best_hash": "76e0cb14e3ffd3923a4928efc64cde0d49c3be63", "regressed_hash": "dce96fa213dd80818907501f39b5e849b04b518e"}